Big Bird,1,Sesame Street,Fakeville,12345
Mary Jackson,2,0095 Ramirez Unions Apt. 573,Vargashaven,81180
Brad Holland,3,12050 Taylor Forges,East Andrew,39554
David Waters,4,4056 Garcia Summit,West Amyborough,80115
Robert Harris,5,8992 Phillip Loaf,Adamsmouth,75210
Caroline Hayes,6,11771 Gabriel Forks,Lake Kristen,70952
Erik Nguyen,7,6535 Patricia Squares,Adamsfurt,47136
Carl Hernandez,8,45424 Edward Plains,West Gregory,54230
Alyssa Martinez,9,49313 Michael Rue,Brownshire,29475
Dalton Newman,10,59350 Walker Course Suite 760,Port Kaitlynfurt,38575
Cheryl Foster,11,0678 Smith Bridge,Lake Annborough,04810
Travis Anderson,12,3778 Maria Brooks Apt. 048,South Gary,66447
Robert Martin,13,2574 Nicholas Center,Dianeport,43932
Dr. Jeffery Rangel Jr.,14,04886 Linda Points,North Tarastad,50748
Jeffrey Doyle,15,1455 Roberson Rest,Mitchellbury,64303
Heather Lopez,16,140 Evan Views,Caldwellbury,70488
Sean Collins,17,9136 Kimberly Parkways,East Ashley,34057
David Diaz,18,4691 David Gardens,Woodchester,29583
Zachary Miller,19,81009 Fuentes Squares,Richardsonmouth,04815
Robert Davis,20,032 Smith Isle Suite 246,Port Richard,65055
Megan Brown,21,4558 Strickland Squares,Nicolestad,38001
Michael Sharp,22,906 Jocelyn Port Suite 382,West Derricktown,98566
Andrew Bullock,23,77993 Nelson Ferry Suite 268,Lake Eric,33517
Michele Levy,24,108 Valenzuela Port Apt. 272,Perryside,63073
Cindy Jones,25,730 Peterson Cape Apt. 408,Johnsonland,05382
Sarah Jones,26,07387 Travis Unions Suite 229,Paulburgh,47238
Nathan Russell,27,312 Anderson Street Suite 913,East Sarahhaven,31283
Angel Fisher,28,9785 Dodson Orchard Apt. 706,Smithview,28742
Candice Thomas,29,8760 Krystal Hill,West Jesse,66504
Melissa Moore,30,3201 Cannon Meadows,West Jorgeburgh,02788
John Williams,31,778 Michael Hills,East Edwardville,43216
Kristen Evans,32,32603 Bryan River Apt. 562,East Justin,44733
Lacey Larsen,33,5221 Matthew Knoll,Port Leah,95814
Dave Mcgee,34,894 David Circles Suite 800,Keithchester,25363
Erika Taylor,35,3452 Darius Islands Suite 398,Lake Brandon,04967
Corey Sutton,36,3106 Sarah Crossroad,West James,60326
Katie Blevins,37,7567 Martin Harbors Suite 150,Melissaton,73454
Rodney Hicks,38,290 Villa Coves,Candiceville,77365
Andrew Blackburn,39,654 James Branch Apt. 926,Romerochester,00931
Melissa Wiggins,40,33834 Charles Lodge,South David,09911
Joann Finley,41,165 Samantha Camp Apt. 334,Michaelfurt,35214
Stephen Martin,42,6774 Johnson Crossing,Lake Michaelchester,65749
Peter Gaines MD,43,7886 Kimberly Fork Apt. 697,Jesseside,86390
James Copeland,44,6000 Poole Rest Apt. 299,Port Jacob,78937
Michael Gilbert,45,043 Weeks Loop,Ritterland,50345
Patty Wilson,46,9879 Price Cape,West Christopher,76701
Michelle Wilkinson,47,336 Brandon Branch,Princeton,33954
Elizabeth Beck,48,3086 Hayes Tunnel Suite 238,Port Jennifer,91293
Steven Castillo,49,8622 Serrano Pine Suite 572,Port Michaelport,15242
Gary Rivera,50,39807 Levy Mission,Markshire,88214
Joseph Bennett,51,8785 Michelle Forges Apt. 295,South Trevorport,50520
Timothy Vazquez,52,2735 Lisa Course Apt. 951,Anthonyfort,55299
James Brown,53,03947 Monica Fort Apt. 795,North Christopherstad,83944
Renee Brooks,54,29420 Hunter Grove,Blakebury,04806
Jonathan Castillo,55,629 David Meadow,North Kyle,66811
Anna Butler,56,079 Moore Street Apt. 328,North Michael,59642
Kaitlyn Gonzalez,57,167 Alexander Plaza Suite 916,Hopkinston,35594
Robert Burnett,58,39137 Nguyen Groves Apt. 714,South Wendy,98897
Kevin Nguyen,59,8065 Davis Road,New Mark,59487
Michael Harris,60,56438 Stephen Lock,North Brandonfort,25584
Erika Cole,61,28863 Jennifer Avenue,Pennyton,05484
Jillian Palmer,62,12581 Rivera Landing Suite 702,New Johnnychester,01396
Brandon Wright,63,5744 Ortiz Pike,Coleshire,23263
Krystal Booker,64,413 Wright Circle,Andrewview,40184
Dustin Waters,65,227 Valdez Pass,East Cameron,05617
Billy Greene,66,1564 Smith Plaza,Turnerfurt,86135
Erika Charles,67,591 Miller Dale,Coleville,88075
Tracey Holder,68,935 Hess Ways,North Trevorview,27439
Dr. Carly Vasquez,69,28051 Brandon Fort,South Brian,65194
Renee Baker,70,040 Ross Expressway Apt. 629,Lanemouth,68396
Dr. Michael Sanchez PhD,71,07431 Acosta Branch Suite 400,North Donnaview,40722
Matthew Garrett,72,1499 Kevin Well Apt. 354,East Meganview,18883
Caleb Jones,73,657 Elizabeth Port Apt. 764,Carmenland,88360
Valerie Williamson,74,0629 Cole Locks,Williamshaven,52543
Debra Campbell,75,59250 Smith Streets Suite 291,Anthonymouth,21898
Briana Rivers,76,62009 Sarah Court Suite 608,Dickersonhaven,26775
Nina Thomas,77,29345 Cheryl Route Suite 889,Lake Wayne,93681
Brandon Montgomery,78,99001 Roberson Meadow,South Bradley,61133
Hannah Hill,79,6262 Kevin Route,Lake Ernest,51793
Gregory Stewart,80,8867 Morgan Shores Apt. 242,Lake Elizabeth,49362
Jennifer Garcia,81,39140 Sharon Views Suite 405,West Trevorbury,97251
Bryan Carney,82,23097 Matthew Isle,Wrightbury,75138
Amanda Davis,83,869 Warner Pass,Sanchezberg,33891
Jose Gonzalez,84,84215 Christensen Estates,Williamtown,88538
Jennifer Carroll,85,13991 Cheyenne Roads Apt. 573,Davidberg,92925
Robert Johnson,86,53958 Heather Trail,Maysfurt,01607
Amy Elliott,87,956 Pena Gateway,Chambershaven,02628
Charles Hoover,88,380 Melissa Coves Apt. 509,East Amanda,48279
Lisa Rogers MD,89,6045 Mary Valley Suite 484,Rubenchester,22226
Anna Vaughan,90,294 Kevin Cliffs Apt. 169,Port Meganton,53163
Mr. Martin Wright MD,91,07327 Brooks Lodge,Lake Jimmy,01093
Alexander Taylor,92,32828 Rice Turnpike,South Paulborough,46632
Mrs. Brittany Green,93,389 Thornton Parkways,Acostastad,76949
Teresa Neal,94,7300 Hogan Square,Lewisville,70094
Cynthia Castillo,95,825 Robinson Vista Suite 631,North Christinefurt,36237
Tammy White,96,22843 Jonathan Course,Smithland,71467
Hector Fletcher,97,511 Williams Meadows Suite 796,Lake Sarah,11084
Justin French,98,812 Cheryl Mill Suite 748,Lake Scott,24755
Thomas Wu,99,57940 James Square Suite 650,Matthewmouth,08329
Andrew Harvey,100,729 Chang Well Apt. 364,East Michelleview,92565
Sarah Ballard,101,558 Paul Harbors,Roberthaven,71495
Marc Sanchez,102,0709 Harris Roads Suite 494,Tamarafort,35696
Thomas Beasley MD,103,50511 Natalie Route Apt. 076,West Alexanderborough,77620
Susan Johnson,104,1553 Anthony Divide,South Annaland,22973
Christopher Mullen,105,42624 Holly Wall,Port Lisa,61082
Micheal White,106,5301 Blanchard Oval Apt. 051,Port Matthew,45664
Michael Williams,107,5534 Morrison Mountain Suite 713,East Zacharyhaven,16664
Gregory Rivers,108,139 Gregory Fort Apt. 332,Leonardshire,94447
Michael Willis,109,30232 Jon Gateway,Sandersfort,24771
Mary Perkins,110,8984 Hudson Lane,Meyerbury,35962
Ricky Edwards,111,4125 Baker Valley,West Philliptown,13977
William Gonzalez,112,6012 Sarah Flat,New Brittanychester,85410
Shannon Lee,113,072 Molina Course Suite 150,Kimberlymouth,42827
Andrea Kennedy,114,040 Nicholas Stream Suite 476,Alexandraland,17568
Alexis Benitez,115,0743 Edwards Pass Apt. 589,Hollandport,21403
Leslie Long,116,56221 Robert Valley Suite 788,New Kevinfort,26332
Tonya Hicks,117,2378 Scott Mills Apt. 925,Port Matthewshire,90516
Charles Romero,118,2358 Melendez Way,New Crystal,14075
Rachel Jackson,119,7831 Nicholas Via Suite 578,Lake Bradleyville,94185
Rachel Benton,120,09509 Bailey Green,North Leslie,17814
Jason Campos,121,96681 Davis Run Apt. 137,Anthonyhaven,38165
Brittney Watts,122,906 Mary Vista,Jamesburgh,69367
Jessica Garner,123,91282 Dickerson Trace,West Nicholasside,94101
Jeffery Bailey,124,3723 Kelli Knoll,East Ricky,77882
John Miles,125,2147 Nicole Avenue,Franklinberg,46749
Donald Cantu,126,7696 Barrera Light,Annfort,42959
Melanie Garcia,127,39543 Shepard Tunnel Suite 003,Tonyaview,78961
Nicole Griffith,128,3585 Rebecca Land,Ivanfort,34247
Lisa Mays,129,41039 Brooks Isle Suite 767,North Chris,49020
Katherine Ray,130,6543 Boyd Corners Suite 824,South Noahborough,88443
Andrew Burnett,131,1222 Hoffman Haven,Carolynview,56144
Alexa Lewis,132,139 Green Square Apt. 874,New Valerieland,31459
Heather Herrera,133,861 Omar Lodge Apt. 286,West Tabitha,77861
Rebecca Wilson,134,4170 Flores Creek Apt. 199,South Nicholas,43260
Bianca Waller,135,670 Tyler Isle Apt. 300,Turnermouth,20053
Shelby Waters,136,735 Catherine Club Apt. 307,East Eugenemouth,93062
Jason Berg,137,0287 Warner Spring Suite 652,Lake Huntermouth,22116
Karen Thomas,138,851 Mcdonald Cliffs,Jamesborough,07590
Steven Harper,139,0350 Kelly Cape Apt. 350,Stevenmouth,43767
George Ortiz,140,3800 Green Alley,Huangview,17625
Gary Miller,141,63290 White Gateway Apt. 476,East Shannonborough,12061
Samuel Velasquez,142,63821 Lynn Highway,East Paulamouth,02546
Brittany Gonzalez,143,32178 Elizabeth Forks,Meltonborough,30657
Karen Torres,144,01510 Mary Knoll,Collinport,81342
Cynthia Baker,145,784 Taylor Springs,New Bethany,29452
Patrick Clark,146,8129 Nicholas Island,Desireeborough,07792
Vanessa Mcmillan,147,37241 Travis Meadow,Christopherhaven,86474
Mr. Benjamin Walker Jr.,148,633 Bell Turnpike,Garciaborough,77334
Jennifer Lambert,149,15011 Jacqueline Via Apt. 992,North Jessicatown,88514
Joseph Alvarez,150,9846 Taylor Landing Suite 800,Johnborough,09124
Bryan Mendoza MD,151,8938 Terry Shoal,Millerfort,36191
Mark Moreno,152,7829 Lopez Flat Apt. 107,New Jasmineland,02186
Larry Pittman,153,36830 Blevins Islands Suite 744,New Susanborough,66264
Adriana Riley,154,28986 Brandi Throughway,Quinnbury,54844
Katherine Cobb,155,283 Denise Vista,Kimberlyville,09829
Anna Carter,156,0782 Melvin Stravenue,South Christopher,40866
Jerry Stone,157,1958 Maxwell Expressway,South Darleneville,58940
Ryan Fischer,158,1925 Laura Cove Apt. 693,South Margaret,71352
Jasmine Taylor,159,04965 Cline Village Suite 928,Port Laura,09366
Bryan Tyler,160,351 David Parkway,Johnsonport,79214
Tanner Sanchez,161,090 Heather Junctions Suite 799,Davidmouth,56436
Dennis Parker,162,356 Garner Trace Apt. 672,Lake Ricardotown,18457
Tara Graham,163,69972 Morris Keys Apt. 823,Lake Christineton,33467
Jessica Harris,164,52689 Tiffany Freeway Suite 563,New Johnny,18710
Emily Williams,165,7182 Thomas Island,West Kevinburgh,63866
Kara Smith,166,9737 Tim View,Deanside,94639
Angela Ward,167,549 Olson Bridge,Davidside,50459
Ryan Reeves,168,5505 Jackson Knolls Apt. 251,Kingfurt,02224
Leah Stuart,169,8069 Curtis Lakes Apt. 687,North Sarafort,57025
David Garza,170,5851 Dana Bypass,Melodyhaven,04577
Cathy Williams,171,886 Jon Inlet Suite 269,North Ann,13796
Christopher Carroll,172,9969 Woods Ports Suite 828,Hawkinsside,61037
Wayne Morris,173,3324 Hart Ports,North Nicole,53992
Donald Newton,174,512 Fritz Ridges Suite 681,Williamsside,72065
Allison Hunter,175,4045 Guzman Prairie Apt. 305,North Amyville,93385
Jennifer Lowe,176,12674 Tucker Crescent,East Pamela,48585
Kevin Blackwell,177,755 Bobby Vista,Christopherview,38411
Victor Robinson,178,8632 Brown Trail,Cameronport,23112
David Rodriguez,179,253 Stafford Lights Apt. 593,Richardland,12834
Michael Anderson,180,0863 Calhoun Mountains,Crystalborough,76193
Lacey Scott,181,18683 Carter Forest Suite 432,West Jacquelineport,40485
Jared Hall,182,597 Brandt Plaza,New Gregory,56921
James Bowen,183,89544 Kimberly Creek,Jacobsonville,25313
Victoria Scott,184,62057 Lopez Drive Suite 890,Stevenport,00604
Mark Bryant,185,5087 Diaz Way Suite 655,South Jessicahaven,60306
Jennifer Jenkins,186,8072 Kevin Mills Apt. 399,East Kylieville,33664
Brandy Elliott,187,4255 Michelle Unions,Andersonport,54606
David Campbell,188,85994 Julie Motorway Suite 940,East Sharon,17323
Christopher Carr,189,930 Turner Cove Suite 892,New Jacquelineborough,15163
Destiny Davidson,190,6572 Cheryl View Apt. 212,Leroymouth,71144
Matthew Mcdonald,191,33209 Butler Mission Apt. 841,South Jenniferside,70866
Karen Larsen,192,111 Cody Port,Dustinfurt,95727
Sandra Wilson,193,17375 Lance Trail,Toddborough,30415
Mark Robinson,194,551 Garcia Lane,Smithfort,18404
Dr. Michael Porter,195,5727 Huynh Passage,Stevensborough,70940
Lisa Rivera,196,6816 Collins Forest Apt. 593,Montgomerytown,19270
Maria Beard,197,4822 Anna Crest Apt. 210,Leechester,60305
Donna Mcdonald MD,198,7094 Kelly Centers Suite 509,Castillomouth,38162
Bradley Thomas,199,47542 Harrison Summit Apt. 698,Adamfort,44210
Catherine Kent,200,625 Andersen Plains Apt. 643,South Matthew,70388
Dr. Melissa Bryant,201,4913 Michael Park,Boylefort,82286
Madeline Gomez,202,87674 Anthony Island Suite 540,North Lawrence,97686
Becky Christensen,203,16872 Alexis Stream Apt. 255,New Denise,25940
David White,204,951 Grace Glens Apt. 113,Troyburgh,89825
Krystal Moreno,205,7454 Ethan Road,Heatherberg,67876
Eduardo Cummings,206,049 Oscar Land Suite 267,Martinberg,04178
Michelle Anderson,207,6264 Lopez Square Suite 557,Bradside,68334
Colton Taylor,208,76967 Williams Via,Baileyville,18061
Cynthia Ward,209,230 Nolan Burgs Suite 394,South Audrey,32415
Aaron Lynch,210,2616 Allen Gardens Apt. 495,Petersenside,54039
John Jenkins,211,2201 Richardson Ridge Suite 415,Port Abigailberg,31047
Zachary Little,212,5608 Jacobs Corners Suite 959,Lake Thomas,68010
Megan Johnson,213,331 Hinton Pass Apt. 704,Kaitlynview,93796
Roberta Brown,214,443 Paul River Suite 731,Lake Matthewhaven,37865
Kristen Wise,215,55536 Rebecca Fields Apt. 911,Port Jenniferview,45034
Brian Gibson,216,30435 Braun Station,Lake Kristin,37630
Wendy Phillips,217,3874 Matthew Spur,East Marioton,03057
William Williams,218,6318 Owens Falls,Sloanhaven,32338
Jason Terry,219,1946 Brewer Dale,North Anthonyland,78194
Kristin Barnett,220,357 Howard Islands,Wisemouth,36669
Jerry Jimenez,221,41785 Hunt Points,Lopezshire,21213
Craig Doyle,222,5763 Vasquez Divide Apt. 801,Ernestbury,35445
Nicholas Gregory,223,5282 Samantha Summit Suite 473,Danielmouth,32922
Brian Bradshaw,224,07830 Grant Glen Apt. 235,New Ian,57190
Christopher Sanders,225,25387 William Flats Apt. 314,New Paul,48866
Ashley Smith,226,4910 Huff Fall Suite 583,East Jeffreyton,90299
Fred Hall,227,9374 Jones Falls,Hoganmouth,10454
Haley Jones,228,8691 Dylan Lane Apt. 508,Port Ericaborough,01328
Jeremy Fleming,229,99447 Jennifer Roads,Port Stevenland,85546
Jessica Villegas,230,049 Roberts Mission,Gardnerfort,97518
Mary Williams,231,6912 Christina Lane Apt. 821,Perkinsburgh,95768
Andrew Bradshaw,232,33376 James Corners,North Matthew,81738
Kimberly Garcia,233,246 Contreras Street,Joelton,52854
Kimberly Cohen,234,1134 Morgan Common Apt. 363,West Johnmouth,00666
Michael Ferrell,235,746 Brandi Unions,Lake Regina,50739
Patricia Guzman,236,4481 Noah Ranch,North Raymond,80894
Sheri Serrano,237,44833 Foster Hill,Port Brentburgh,65810
Ryan Ballard,238,624 Young Mall,West Shannon,70304
Susan Roberson,239,63555 Daniel Rue Apt. 027,Derrickstad,03707
Cynthia Doyle,240,65065 Jackson Estate,South Eric,77400
Lisa Williams,241,014 Wendy Spur,East Lisa,81678
Paula Bryant,242,711 April Corners Suite 134,Heatherview,71689
Janice Beck,243,2713 Spencer Divide Suite 775,Jenkinshaven,59375
Linda Hamilton,244,269 Gomez Villages Apt. 146,North Antonio,25885
Charles Jackson,245,39005 Goodman Union,Deckermouth,71802
Christopher Clark,246,35458 Myers Corner,North Dawn,82245
Christopher Lopez,247,38290 Michael Manors,Port Kyle,51442
Jacob Wilson,248,91383 Kelley Square,Lake Alisonton,73901
Eric Chaney,249,283 Skinner Orchard,Port Deanna,35829
Hector Reyes,250,71678 Mark Flats,Lake Robertville,96712
Stephanie King,251,650 Christine Shore,Whiteland,20161
Virginia Smith,252,441 Reyes Spurs,Jonesside,02722
Richard Thomas,253,511 Rodney Hill Suite 173,Lake Arthur,11503
Elizabeth Warren,254,540 Cervantes Station,Amandabury,65238
Samuel Neal,255,5070 Christopher Alley Suite 749,West Travisside,69664
Wendy Dean,256,28013 Brian Curve,Holmesborough,44759
Mary Barron,257,6590 Meredith Mountains Suite 859,Gutierrezland,08811
Jonathan Rodriguez,258,100 Valentine Burg,South Zoehaven,99378
Jeffrey Smith,259,12050 Martinez Place,New Frederick,99317
Lisa Walker,260,634 Kathleen Ramp,Paulberg,91185
Robert Griffin,261,47635 Jeffrey Motorway,Georgeland,76588
Jeanette Strickland,262,785 Daisy Shores,Victorbury,46132
Deborah Patterson,263,0235 Gray Fort Suite 036,Aaronstad,78034
Christopher Jenkins,264,311 Gabrielle Inlet,Bookerbury,70333
Samantha Bridges,265,42169 Michele Ferry,Luisfort,26010
Alejandra Graves,266,1174 Keith Meadows Apt. 889,East Robertview,97843
Rebecca Garcia,267,6395 Thornton Courts Apt. 481,South Amandaville,03651
Kimberly Morales,268,533 Olivia Burgs,Thomasbury,38659
Alex Carter,269,60434 Pope Villages,Brendahaven,96093
Karen Brown,270,56680 Misty Isle,South Daniel,21102
Mark Fletcher,271,6678 Johnson Port Suite 172,New Megan,70689
Andrea Adams,272,58986 Love Ways Suite 297,Johnburgh,56408
Benjamin Barton,273,521 Wilson Mission,Lake Raventown,40858
Thomas Morrow,274,397 Jodi Way Apt. 652,Hoopershire,69366
Emily Hall,275,38024 Allison Overpass,Gibbsborough,12595
Amanda Mercado,276,22936 Sanchez Plains,Travisside,04224
Steven Mann,277,45488 Watson Brooks,Schroederborough,60353
Susan Anderson,278,74774 Montgomery Parks Suite 747,West Johnmouth,28519
Sara Roberson,279,782 Christina Alley Suite 045,South Debbie,06743
William Walton,280,14594 Charles Parks Apt. 810,South Erik,88546
Marcus Mills,281,1213 Manning Track,South Travis,49236
Christopher Alexander,282,34074 Lam Plain Apt. 633,Susanbury,10708
Elizabeth Davila,283,212 Meredith Glen,Ryanmouth,69541
John Frederick,284,828 Taylor Mission,Nancyfort,50436
James Miller,285,6347 Scott Spring Suite 819,Lake Davidtown,53254
Michael Zimmerman,286,69108 Michael Field Apt. 434,East Stefanie,61855
Carla Ferguson,287,35643 Larry Dam Suite 524,Andreaview,68218
Crystal Aguilar,288,52411 Ponce Roads,East Yesenia,83741
Chelsea Shea,289,042 Alvarado Plaza Suite 589,Port Johnfort,53738
Derrick Smith,290,170 Jessica Union Suite 930,Kristenchester,19440
Candice Ford,291,3730 Mark Alley,Wilsonmouth,14128
Pamela Mcguire,292,53490 Ortiz Estate Suite 854,New James,88392
Scott Thompson DDS,293,9058 Thompson Crescent,Franciscoburgh,43690
Allen Rush,294,3183 Brown Center,Port Meredith,79202
Allison Vasquez DDS,295,8224 Felicia Knolls Suite 320,North Brendatown,06561
Brian Flynn,296,34872 Caleb Branch,Port Joseph,30652
Leah Martinez,297,07215 Aaron Grove,Brianton,71432
Mark Dawson,298,29801 Dean Road Suite 466,Kellerton,88348
William Buchanan,299,6172 Huff Groves Suite 883,Harrishaven,69392
Tammy Rogers,300,71936 Hayley Mountain Suite 836,Jessicaville,01049
Stephanie Martinez,301,8956 Flores Lake Suite 264,Weaverbury,09139
Cathy Hughes MD,302,6444 Jay Plaza Suite 392,New Sandy,56540
Kelly Russell,303,9969 Gould Crossing Suite 842,Pamelaton,65819
Robert Church,304,325 Miller Vista,Justinton,91660
Jenna Moore,305,1912 Scott Shores,New Andrewside,78250
Michael Hughes,306,1165 Bird Mission,Alvarezfurt,72946
Christopher Miller,307,2953 David Estates,Mcneilfurt,83160
Stefanie Johnson,308,71954 Jason Loop,West Randy,43933
Julia Duffy,309,53087 Khan Camp Apt. 842,North Emilyburgh,79562
Brittany Cole,310,2604 Alexandra Pines,Floresburgh,19175
Susan Bennett,311,9216 Erin Centers Suite 176,Lake Josephberg,85651
Samuel Brock MD,312,291 Pierce Coves Apt. 536,East Shawn,57724
Jessica Scott,313,941 Jordan Stravenue Apt. 502,West Adrian,20506
Joseph Townsend,314,11279 Duncan Mall Apt. 882,Port Debra,05421
Carla Phelps,315,431 Jackson Glen,East Jenniferland,64615
Sheila Smith,316,4878 Colleen Ridge,North Sarah,52567
Dana Allen,317,970 Patricia Courts,Oliverfort,19301
Patrick Lawson,318,3792 Parker Orchard Apt. 539,North Davidfurt,88765
Shannon Garcia,319,8479 Williams Creek Apt. 750,New Amberhaven,26575
Paige Velez,320,353 Prince Turnpike,North Lucasfurt,79245
Laura Moss,321,0066 Rodney Extension Apt. 942,Warrenberg,06455
Cody Richardson,322,4818 Jeffrey Fort Apt. 774,New Carolyn,51984
Michelle Camacho,323,775 Henderson Dam,West Amyfurt,71073
William Gonzalez,324,65360 Andre Overpass Suite 238,Jacobton,62787
Michael Oconnor,325,120 Donna Loaf Suite 054,Oconnorburgh,30248
James Holmes,326,2373 Brian Harbors Suite 617,East Tamaratown,18079
Jennifer Schaefer,327,88785 Ayers Mills Suite 667,West Mistyton,38773
John Valdez,328,240 Elizabeth Port,Janeside,97827
Luis Bell,329,3593 Smith Via,Lake Peterport,06543
Suzanne Boyd,330,2069 Cooper Union Apt. 006,Port Cynthia,59957
Ronald Drake,331,6110 Charles Shoals,South Tyler,63528
Reginald Bowen,332,245 Perez Forks Suite 482,West Davidshire,92882
Phyllis Colon,333,215 Strickland Center Apt. 681,Kimberlyborough,25592
Gabriella Lutz,334,414 Brooks Turnpike Suite 158,Roseton,91249
Eric Gardner,335,568 Berg Canyon Suite 457,North Kimberlyberg,95537
Kenneth Sloan,336,81086 Martin Point,North Jodihaven,58682
Leslie Bell,337,82734 Rodriguez Underpass,Jordanborough,58242
Jennifer Mccarty,338,9983 Smith Plains,New Elizabeth,54588
Allen Gonzalez,339,864 Margaret Point Suite 362,Lake Kristyburgh,28989
Tyler Bernard,340,284 Stephanie Islands,East Elaine,97526
Christine Jones,341,16491 Dale Throughway,South Emma,89230
Tyler Rodriguez,342,257 Davis Wall Suite 593,New Amandafurt,14260
Isabella Rogers,343,93699 Johnson Motorway Suite 820,Stephanieshire,27775
Chris Bryant,344,866 Carter Run,Greenmouth,11039
Nathaniel Garcia,345,112 Salazar Corners Suite 063,Watkinshaven,49657
Rhonda Erickson,346,608 Potter Junctions Suite 230,Sheilaborough,35514
Nathan Long,347,798 Stephanie Passage Suite 216,Juarezborough,81221
Amanda Baker,348,08064 Baker Alley Suite 627,New Katrinaside,80988
Eric Golden,349,892 Carlos Harbor,South Katieview,15700
Corey Thomas,350,1711 Sandy Estate Suite 790,Lawrenceville,38796
Eric Snyder,351,253 Kimberly Ways,Smithstad,60706
Jack Kane,352,1046 Valerie View,Tylerville,63216
Brandi Malone,353,358 Amber Trafficway,Lake Lauraton,17209
Sharon Francis,354,04920 Bryant Prairie Suite 492,Johnton,63308
Martin Farmer,355,7699 Leslie Islands,Hillstad,63908
Paul Sanders,356,394 Marcia Fords,Kylemouth,34430
Nathan Brock,357,701 Campos Park,Priceburgh,17842
Paul Keith,358,98619 Booth Ways,North Veronicastad,99247
Nicholas Smith,359,162 Alyssa Spurs Apt. 015,Port Brian,90357
Jason Smith,360,3541 Castro Forge Suite 566,Tiffanystad,63130
Melissa Chapman,361,50311 Brown Parks Apt. 164,Stephanieton,79837
Jessica West,362,03939 Elijah Drive,Paulport,11230
Jennifer Walker,363,0197 Hanna Drive,Brianport,64681
Heather Meyer,364,44733 Shirley Falls Suite 997,Tanyastad,53526
Jesse Garcia,365,740 Crystal Grove Apt. 375,East Mary,09375
Eric Bailey,366,430 Edward Mountain Suite 017,Lake Isaacbury,38509
Robert Hill,367,90377 Jill Avenue Suite 531,Port Cynthiamouth,49004
Nicholas Frederick,368,4722 Christine Spur Suite 561,Warnermouth,11284
Richard Coleman,369,261 Clark Plaza Apt. 973,Tonyview,60574
James Taylor,370,44388 Brown Mission,Kellybury,10757
Sean Alvarez,371,82768 Mckenzie Burg Apt. 387,East Emilyfurt,06159
Natalie Knight,372,0570 David Track,Morastad,77739
Nicholas Oconnor,373,97567 Penny Parkway,New Thomas,75236
James Potter,374,5229 Roy Rue,New Jill,02089
Colleen Long,375,9148 Walter Cove,Curtisborough,91343
Mr. John Meza,376,571 Johnson Ports Apt. 867,New Douglasstad,63556
Mary Frost,377,3183 Richards Center Apt. 331,North Richardbury,08013
Patrick Morris,378,619 Cunningham Ridge,Chandlerchester,35152
Emily Carroll,379,671 Curtis Locks,Griffinhaven,26773
Danny Andrade,380,59484 James Light Suite 732,West Whitneychester,31425
Amanda Smith,381,6758 Rodriguez Prairie Suite 893,East Ashleyville,75028
Lisa Garcia,382,5916 Lawson Roads Suite 616,Lake Brittney,94302
Chelsey Hopkins,383,949 Carr Drive Apt. 667,West Lisahaven,01125
Thomas Rogers,384,9683 Amy Neck,Stokesshire,20364
Erica Williams,385,992 Lori Walks,Port Williamburgh,57229
Victoria Johnston,386,5142 Tracy Land Suite 271,Lake Danielport,00898
Gary Green,387,709 Jackson Valleys Apt. 675,Lake Ellen,05866
Patricia Davenport,388,9033 Lawrence Route Apt. 623,Mcneilhaven,08635
Richard Williams,389,035 Powers Via,Smithmouth,52556
David Myers,390,10980 Jacob Forge,Jenkinsview,22032
Christopher Miller,391,354 Randy Rapid Suite 549,Ruizchester,39220
Jennifer Tran,392,999 James Brooks Apt. 403,Leslieside,91183
Michael Peck,393,2643 Angela Points Suite 613,Port Daniel,22064
Sara Shannon,394,46322 Swanson Pine Apt. 810,Charlesfurt,57349
Mark Jones,395,4948 Brendan Rue Apt. 375,Richardville,23161
Patrick Fernandez,396,056 Renee Estates,East Kathy,61983
Stephen Robles IV,397,94857 Kim Plaza,Port Colleen,42917
Charles Roth,398,2360 Bruce Orchard,New Annettebury,55753
Angel Steele,399,312 Sanchez Brook Suite 702,Lake Derrick,86652
Lindsay Reyes,400,9254 Mark Drive,North Keithfort,90110
Samantha Cobb,401,014 Danielle Circles Apt. 587,Lake Diana,05372
Nancy Hoffman,402,930 Noah Pass,Johnchester,97468
Theresa Espinoza,403,91421 William Lights,Keithstad,51659
Jason Collins,404,1806 Robert Trail Apt. 275,Candiceland,53953
Jillian Johns,405,120 Richard Via Suite 188,Port Dalton,09683
Joshua Jones,406,181 Clark Ford Suite 096,Ralphhaven,81891
Emily Hunt,407,48940 Klein Roads,Lake Michaelview,67754
Andrew Huynh,408,20665 Morris Cliffs,South Josefort,19630
Ashley Wright,409,06601 Berger Lodge,Torresport,35191
Gary Moore,410,376 Cisneros Ford Suite 101,East Tylershire,92307
Jacob Parker,411,5549 Kimberly Port Suite 916,Markport,61488
Mr. Brandon Kaiser,412,18365 Alvarez Parkway Apt. 923,South Douglas,03563
Andrew Hayes,413,811 Rodriguez Crossing Apt. 478,Nicholetown,31645
Sarah Patterson,414,1350 Richardson Plains Suite 480,West Christopher,50506
Matthew Woods,415,6630 Booker Forges,North Jerry,34989
Heather Jones,416,226 Courtney Prairie Suite 750,Josephview,17212
Kirsten Robbins,417,21436 Anthony Lodge Suite 389,Port Matthewtown,36913
Jennifer Allen,418,5871 Michael Viaduct,Reginaview,34524
Brenda Barker DVM,419,63980 Albert Junction,East Jasonland,83819
Pamela Richardson,420,2530 Sarah Mountains,West Ashley,27720
Grace Green,421,23301 Vazquez Spring Suite 288,Schmidtland,49190
James Henderson,422,5590 Linda Viaduct,North Morganburgh,10391
Jose Todd,423,62819 Stephanie Route Suite 416,New Jennifer,06869
Melvin Carter,424,36646 Kelli Underpass,Port Gregoryburgh,24641
Nicholas Williams,425,337 Carpenter Stream Apt. 198,East Dillon,92269
Robert Stone,426,30988 Anderson Lane Apt. 460,North John,47318
Eric Jackson,427,30776 Lawson Plaza Suite 485,Port Alexander,03403
Marvin Lawrence,428,30600 Moreno Spurs Suite 711,West Amy,62568
Shelly Miller,429,471 Abbott Brook Suite 848,South Robert,93260
Matthew Adams,430,45964 Lindsey Mills Apt. 357,Welchland,90517
Dr. Lori Wright,431,862 Craig Alley Suite 167,Michellefort,75498
Lauren Case,432,2908 Richard Stravenue Suite 936,West Michael,33707
Harold Thompson,433,120 Lisa Common Suite 732,Lake Jeffrey,76434
William Day,434,005 Leslie Manor Apt. 325,New Michaelmouth,55802
Robert Sanders,435,50839 Courtney Fords Suite 764,Jonesville,32398
Jimmy Webb,436,004 Vargas Dam Apt. 528,Floydbury,82296
Jessica Hurst,437,1751 Chad Park Apt. 310,North Mark,25638
Terrance Medina,438,6647 Gonzalez Causeway,Dennisbury,65366
Hannah Haynes,439,1169 Curry Stravenue Suite 840,North Gabriellastad,05969
Anthony Hickman,440,4251 Coleman Villages,New Justin,77872
Karen Berry,441,91807 Barrera Prairie Suite 054,East Jason,03513
Grant Thomas,442,5742 Hayes Village,Lake Donald,45206
John Gordon,443,65502 Hamilton Corner,Courtneyport,07178
Emily Ward,444,6669 Jose Turnpike,Lisahaven,25951
Rebekah Meyer,445,756 Holly Ville Suite 711,Bakerland,61090
Kaitlin Schmidt,446,061 John Junctions Suite 635,Fostershire,02599
Christine Mcdaniel,447,82482 Richardson Ferry Apt. 126,Shieldsburgh,73861
David Woods,448,1628 Lisa Wall,Charleshaven,98710
Mrs. Margaret Walker DDS,449,984 Adams Drive Apt. 484,East Amanda,26394
Cesar Moore,450,853 Sullivan Summit Apt. 567,East Larryland,35770
Manuel Page,451,19161 Sarah Green Apt. 151,Aguilarchester,78304
Melanie Warren,452,285 Angela Canyon,North Michaelport,95529
Brandon Gonzalez,453,8334 Solis Green Apt. 659,Saraburgh,20190
Stephen Johnson,454,376 Lewis Meadow,Perkinsbury,07465
Shelby Hansen,455,59864 Shannon Drive,South Tommyborough,99421
Robert Anderson,456,54373 Heather Cliffs Suite 375,Meganmouth,90765
Elizabeth Baird,457,662 Mackenzie Garden,West Lisamouth,05237
Victoria Mcdonald,458,8940 Allen Orchard Suite 307,East Elaineborough,51461
Joshua Phillips,459,3260 Brown Drives,Heidihaven,47150
Misty Newman,460,0598 Robbins Mall Suite 773,Port Jonathan,74108
Stephanie Paul,461,13087 Smith Port Suite 547,Antoniohaven,83956
Christopher Smith,462,936 Jennifer Dale,Lopeztown,71024
Corey Caldwell,463,2265 Taylor Squares,Jamesborough,45762
Kelsey Coleman,464,16631 Brown Expressway Suite 749,South Christy,77182
Jacob Wilson,465,00658 Hooper Springs Apt. 762,West Carla,62299
Kathleen Alexander,466,951 Christian Track Suite 233,New Kimberly,82846
Susan Jackson,467,11571 Tracy Mill Suite 708,Sandraville,21759
Stephanie Long,468,1618 Mullins Fields Suite 058,Hunterbury,50945
Chelsea Johnson,469,1180 Jennifer Orchard,Roblesview,39760
Ashley Banks,470,53272 Rowe Canyon Apt. 701,Port Rachel,49145
Melissa Adams,471,27031 Johnson Crest Suite 850,Lake Gloria,39227
Robert White,472,1282 Phillip Branch Suite 237,Candiceburgh,13830
Taylor Leach,473,2138 Reyes Locks Apt. 157,Loganchester,83159
Stephen Walter,474,766 Edwin Rest,Jenniferport,63032
Samuel Thompson,475,62813 Miller Ports Apt. 876,West Kimberly,82423
Jack Baker,476,12980 Chad Street,Port Jonathan,07542
Monica Osborne,477,1573 Elizabeth Via Apt. 984,Jonesstad,34276
Elizabeth Johnson,478,75321 Quinn Trafficway Apt. 266,Davidfort,76368
Katie Juarez,479,325 Davis Alley,Michaelchester,78135
Patricia Martinez,480,627 Jonathan View Apt. 659,East David,77059
Jason Perry,481,2462 Burns Dale,Charlesborough,39100
Diane Watson,482,90841 Matthews Parkway Suite 039,Caldwellton,17122
Danny Davenport,483,1323 Wilson Causeway Suite 251,New Carrie,58348
Daniel Hamilton,484,3831 Rodriguez Station,West Erika,91313
Michael Patton,485,5567 Caldwell Brook,West Antonio,84539
Priscilla Richmond,486,659 Tabitha Center,Lake Joannmouth,64279
Lisa Smith,487,479 Nash Lakes,Melissachester,82479
Tammy Garcia,488,46132 Hodge Fork Suite 182,West Joshua,00840
Justin Singh,489,74365 John Points Apt. 283,East Jessica,34406
Dennis Gilmore,490,2441 Dennis Summit,Laurenfort,73942
Gabriel Wong,491,5847 Lewis Hollow,Thomasville,41002
Drew Richards,492,10824 Roth Key,South James,59975
Joshua Martin,493,192 Melvin Forges,Harveyfort,89730
Ricardo Dunlap,494,43103 Herring Court,North Joshua,91465
Robert Peterson,495,2659 Laura Extension Suite 192,Washingtonton,74095
Jeffrey Harding,496,784 Daniel Glens Suite 750,Jeremyborough,86001
Edward Graham,497,519 Smith Fields Apt. 748,East Normaview,49289
Sonya Lewis,498,9016 Hutchinson Rapids,West Manuel,06855
Sean Johnson,499,1946 Jay Shoals,Webbchester,07218
Valerie Stewart,500,129 Ernest Locks,Michaelshire,36337
Kim Moran,501,49442 Miller Ranch,Josephtown,28637
Marcia Ellis,502,7842 Rodgers Fields Apt. 778,Port Teresaberg,95484
Christopher Robinson,503,405 Gregory Terrace,West Gregoryfurt,52505
Alex Armstrong,504,3537 Noah Villages,Maryview,54900
Christopher Hughes,505,35330 Olivia Shore Apt. 943,Alyssaville,94056
Sara Fowler,506,00038 Mary Crossroad Apt. 922,Port Austin,09874
Allison Miller,507,826 Luke Mountains Suite 980,East Nancystad,25954
Alex Smith,508,69034 Angela Field,Christopherview,95530
Jeremy Berg,509,68216 Tommy Ville,Cameronstad,94896
Jennifer Mullen,510,673 Anna Shores,Port Charlesview,26080
Daniel Young,511,415 Archer Path Apt. 012,East Monicaport,58911
Dr. Eric Curry,512,6941 Christian Viaduct,East Johnfort,81465
Christopher Moreno,513,2743 Michael Shores Apt. 602,Wardmouth,26867
Patricia Gonzalez,514,48126 Fields River Apt. 775,East Taylor,56384
Donald Reyes,515,14432 Richard Green Apt. 014,Reedstad,37250
Kyle Russell Jr.,516,2679 Antonio Knolls,Port Crystalburgh,76404
Jamie Hunt,517,04704 Gail Loop Apt. 750,Port Williambury,41769
Adam Patterson,518,299 Jonathan Burgs,Port Aaronstad,26748
Austin Rivera,519,5066 Katherine Rapid,Rodgersberg,54293
Michael Payne,520,518 Laura Skyway,North Ricardo,97211
Emily Thomas,521,2606 Martha Trace Suite 489,South Sabrinaport,82775
Nicole Lewis,522,903 Gill Way,Whiteshire,32741
Brandon Stewart,523,05202 Mike Center Apt. 275,New Stephen,22563
Kenneth Long,524,668 Anne Burgs Apt. 384,New Casey,16379
Vincent Hodges,525,7346 Beth Shores,West Jamesland,60387
Zachary Green,526,09068 David Village Suite 764,Williamsview,05441
Bonnie Kelly,527,690 Perry Rue,Stephensland,96559
Brian Sharp,528,5720 Jensen Avenue,North Jillian,16786
Destiny Jackson,529,336 Harris Mill Suite 430,New Carlosport,88371
Mary Santos,530,85857 Juan Expressway Suite 008,Johnmouth,67340
Leslie Walsh,531,217 Preston Stream,East Pamela,48719
Mitchell Parsons,532,730 Michael Lodge,Lake Anthony,07356
Laura Jones,533,093 Mallory Heights,Estesmouth,15598
Mark Pitts,534,80447 Olson Row,East Gregory,76546
Nicole White,535,092 Hartman River,East Andrewville,02944
David Krause,536,92679 Gutierrez Mission Apt. 298,Cohenport,68748
Chad Wiggins,537,0272 Hall Village Apt. 418,Christineburgh,74758
Carol Wood,538,0074 Miranda Shore Apt. 840,South David,37639
James Joseph,539,06621 Paula Freeway,Justinmouth,24312
Deborah Mclaughlin,540,5341 Thomas Common,South Michaelhaven,81035
Corey Alvarez,541,533 Michael Hollow,New William,99002
Amanda Olson,542,89993 Parker Harbor,Nicoleport,01461
Steven Smith,543,5933 Mark Plains Apt. 452,Stevenfurt,72077
Robin Brown,544,6223 Callahan Locks Suite 411,East Perrytown,75879
Debbie Hawkins,545,833 Garcia Dale Apt. 978,North Jamesland,39758
Drew Kelly,546,2931 Perry Lake Apt. 784,East Courtneybury,88843
Adam Francis,547,172 Brown Light Suite 963,Krauseton,88443
Brandon Ellis,548,26010 Alison Port,Coxborough,33273
Christine Hernandez,549,78425 Ramirez Prairie Suite 112,Lorishire,37521
Alexandra Cole,550,37045 Robert Inlet,South Carrie,40021
Paul Perkins,551,3359 Reginald Coves,South Michael,83665
Raymond Robinson,552,908 Chelsea Passage Apt. 058,East Andrew,76620
Michelle Maldonado,553,2069 Rice Camp Apt. 683,Lake Kimberly,61530
Sonya Jones,554,043 Brown Valley Apt. 164,Brookefort,84339
Hannah Bradley,555,8874 Sandra Union Apt. 436,Barrerafort,12766
Jamie Wu,556,15067 Stephen Fall,Nguyenshire,27685
Paul Baker,557,266 Carl Pass Apt. 254,East Sarahfort,50444
Tina Haley,558,5444 Hall Estate,Lake Nancyhaven,16068
James Evans,559,5076 Rivera Path Apt. 305,Mariaview,86521
Micheal York,560,279 Moore Stravenue,Bensonside,70950
Dorothy Hernandez,561,130 Aaron Pine,Lake Justinmouth,22929
Leah Wagner,562,14556 Jackson Heights Suite 990,New Shannon,01247
Kelly Bates,563,63913 Danny Curve,Brandymouth,61025
Jordan Burke,564,151 Horton Ways Apt. 922,Wintersburgh,67400
Brian Townsend,565,18585 Kathryn Route Suite 165,West Courtney,14257
Michael Martin,566,0355 Mills Grove Suite 209,North Thomas,66021
Elizabeth Huber,567,1187 Pope Spring Apt. 011,Lake Jameshaven,05415
Dr. Veronica Rios,568,345 Smith Forest,South Melissa,88017
Christopher Brooks,569,452 Mitchell Spring,East Dianabury,05320
Deborah Mata,570,4063 Sims Trace Apt. 758,Johnsonhaven,51995
Brian Hall,571,744 Edward Park,Woodview,04168
Charles Curtis,572,7364 Yang Centers,Lake Michael,13008
Carly Suarez,573,694 Wagner Heights Suite 565,West Ann,13342
Charles Jones,574,54767 Kennedy Locks,New Gail,94672
Robert Ford,575,54403 Salazar Points,Bobbyburgh,59056
Jennifer Williams,576,6552 Thomas Trail,Williamtown,00874
Shawn Rodriguez,577,25915 Ashlee Passage,Henryborough,92140
Deanna Mccarty,578,37111 Sabrina Trafficway,West Peter,95369
Mr. Joseph Brown,579,68784 Megan Locks,Taylorview,41563
Marcus Murphy,580,05682 Freeman Tunnel,East Michelle,09675
Douglas Melton,581,0484 Blake Valleys Suite 191,North Christopher,24149
Randall Hayes,582,0164 Park Knolls,West Victoria,66106
Brian Cooper,583,4807 John Glens,Lake Johnside,89948
Lauren French,584,71106 Kimberly Views Apt. 176,Ashleytown,85773
Jimmy Blevins,585,981 Chris Fort Suite 082,South Suzanne,13324
Diana Smith,586,8910 Christopher Radial Apt. 371,South Daleview,58728
Mr. Patrick Stanley,587,029 Charles Alley,North Josephmouth,78756
George Bennett,588,5123 Holt Terrace Suite 095,Johnville,09913
Jason Perry,589,7074 Nelson Rest Apt. 691,Taylormouth,95063
Maureen Matthews,590,935 John Mountains,East Katherineville,15652
Michaela Watts,591,3523 Alexandria Burg,Lake Bailey,50351
Christina Giles,592,6091 Peterson Rue,Port Matthewville,24275
Dominique Marquez,593,5189 Sean Hill,Evansberg,46612
Terrance Jones,594,6276 Jason Tunnel,North Christopher,69363
Janet Wilson,595,116 Kellie Crossroad Suite 760,Colemanmouth,71726
Stacy Sullivan,596,9535 Diamond Expressway,West Mark,16838
Kimberly Martinez,597,33769 Pamela Track Suite 363,North Matthew,95294
Susan Smith,598,5065 Howard Light Apt. 087,New Karenstad,56700
Jennifer Vaughn,599,386 Dennis Curve Apt. 116,Lake Kimberly,86350
Ashley Scott,600,9724 Shaffer Spurs Suite 481,South Bethside,02775
Sharon Powell,601,210 Beverly Station,Yangberg,33445
Gary Shaffer,602,7136 Emily Mountains Apt. 490,Port Glen,60774
Virginia King,603,8693 Robert Course,Lake Christine,38769
James Hodge,604,363 Thompson Views,North Stephen,93055
Madison Wolfe,605,58387 Conway Villages Suite 577,Espinozabury,02640
Belinda Gates,606,81421 Richardson Light Apt. 780,North Ryan,80035
Deborah Parks,607,5400 Joseph Mews Apt. 041,Thomasbury,86550
Kelly Krause,608,92551 Adams Valley Apt. 515,Lauraport,77276
Jodi Hanson,609,2011 Schultz Ports,North Andrew,55572
Mary Foster,610,3435 Hodges Junction Suite 283,Garrettmouth,22367
Bryan Ibarra,611,544 Melissa Union,Boltonmouth,90633
Gabriel Gomez,612,477 Frederick View,Port Gregory,24423
Jonathan Dean III,613,88823 Williamson Pike,Luceroberg,27582
Veronica Fowler,614,77708 Christopher Shoals Apt. 740,Suetown,52350
Kathy White,615,8171 Angela Lights,Hollyport,39669
Scott Ramsey,616,61634 Butler Branch Suite 286,Allisonhaven,55406
Crystal Davis,617,17567 Harrison Fall Apt. 771,Sanchezshire,95845
Brianna Ali,618,503 Sandra Station,Williamsland,71215
April Walters,619,895 Tyler Street Apt. 105,Foleymouth,01219
Steven Miller,620,3123 Roach Causeway Suite 826,Stephenborough,54593
Larry Hernandez,621,93065 Johnson Cliffs,West James,48879
Shawn Schmidt,622,038 Shannon Park Apt. 775,Jameschester,77871
Tiffany Ellison MD,623,2766 Lisa Terrace Apt. 637,East Davidborough,49420
Scott Price,624,19709 Charles Row,New Ruben,04671
Colleen Bradley,625,2814 Warren Freeway Suite 690,Port Aprilfurt,71114
Rebecca Luna,626,6566 Justin Knolls,Nielsenmouth,87395
Bruce Foster,627,15194 Stacey Ports,North Ryanland,40215
Willie Mayo,628,3693 Beck Street Apt. 478,Adamchester,52696
Brad Smith,629,94703 Miller Prairie,Port Edward,10151
Debbie Gray,630,92911 Nicholson Center,Lake Stephanie,30966
Nathan May,631,35574 Boone Meadows Apt. 085,South Barbaraton,62683
Dr. Frank Parsons,632,02023 Andrea Trafficway,South Emily,93032
Mary Burns,633,4816 Wood Vista,West Jason,90003
Scott Bentley,634,17743 Shaw Gardens Apt. 118,Richardshire,60209
Marcus Gutierrez,635,0258 Reyes Village Suite 589,Timothyberg,25600
James Walker,636,89543 Frost Hill Apt. 966,Meganmouth,34351
Nathan Travis,637,55593 Liu Meadows,Port Jennifer,32644
Loretta Hammond,638,498 Murray Dale Suite 534,Joneshaven,75449
Maria Reed,639,7218 Adrienne Island Apt. 464,Thomasfurt,56650
Michael Brown,640,3025 Todd Plains Suite 227,New Geraldshire,19020
Stephen Cook,641,4333 Dennis Lodge Apt. 494,Turnerhaven,48022
Zachary Guerrero,642,0797 Tracey Locks Suite 699,Davisland,20824
Alan Brown,643,64550 Kimberly Square,West Josehaven,15522
Deborah Hill,644,81527 Allison Hill Suite 892,Stephaniechester,25895
Chad Yates,645,48423 Oscar Overpass,Clineview,24392
Francis James,646,3376 Lamb Extensions,Jamieview,01211
Ruth Ford,647,2453 Lamb Mountains Apt. 068,Lake Jesseborough,47369
Wesley Moses,648,917 Kristin Well Apt. 830,Foxbury,61579
Manuel Jackson,649,45234 Parker Plaza Suite 746,West Amandaton,93670
Paul Rogers,650,54263 Clements Run,Ryanborough,38633
Alexandra Dawson,651,7153 Collins Meadow,North Ericton,12555
Ryan Moore,652,8334 Gordon Pine Suite 935,New Matthewchester,97588
Heather Wells,653,99744 Monica Trafficway,North Barbaraborough,15653
Shane Stephens,654,86653 Lopez Motorway,New Derekstad,15931
Ricardo Jenkins,655,757 Hernandez Fort Suite 337,New Erin,07634
Lisa Duncan,656,980 Buckley Forks,New Jasonchester,05410
Pamela Williams,657,4748 Clark Locks,West Arthur,63747
Kristen Giles,658,007 Smith Shoal Apt. 478,West David,23465
Tiffany Barnes,659,71443 Jason Prairie Suite 175,North Jackfort,37947
Mason Mcconnell,660,7539 Eileen Roads Apt. 169,Lake April,07617
Sonya Ritter,661,4753 Seth Underpass,Lake Laura,23774
David Turner,662,6517 Richardson Park,Gonzalezmouth,28906
Shannon Foster,663,805 Joanne Place,Romanburgh,51934
Elizabeth Tucker,664,02091 Newman Hills,Freemanland,36355
Randall Howell,665,031 Miller Green Apt. 723,Chenbury,47080
Jason Roth,666,027 Williams Forge,West Darrell,04236
Christina Anderson,667,71401 Martinez Cliff Apt. 275,Fletchershire,34365
Jeanette Phelps,668,40819 Murillo Springs Suite 477,Davidstad,05185
Christine Willis,669,002 Boone Highway Apt. 873,Jacquelinestad,49831
Michael Fox IV,670,795 Anthony Rue Apt. 239,Alexanderborough,89657
Sarah Craig,671,938 Young Junction,Leonardside,46422
Evan Huffman,672,77112 Shelley Drive Apt. 111,Port Monicaland,32125
Luke Schmidt,673,1626 Tucker Greens Apt. 012,New Rebeccaside,42059
Derek Benton,674,6873 Doyle Parks,Port Megan,30878
Julie Gilmore,675,91365 Robin Vista Suite 588,New Danielleland,04691
Melissa Coleman,676,9127 Christy Forks,Smithhaven,08436
Jason Tran,677,3529 Howard Creek,Beasleymouth,72012
Gail Holmes,678,34774 Emily Station,Marietown,03790
Debra Miller,679,735 Sanchez Terrace,Bowmanchester,16403
Frederick Steele,680,880 Jennifer Lock Suite 623,Lake Beth,62331
Stephanie Simmons,681,5690 Moore Park,North Thomasview,16673
Kelly Hunter,682,1784 Christopher Tunnel,West Paula,71303
Richard Davidson,683,107 Tiffany Keys Apt. 096,North Stevenhaven,78603
Andrew Ray,684,99043 Estrada Neck,New Brittanyfort,23910
Andrew Frost,685,24477 Laura Walk,Marioborough,94963
John Davies,686,5066 Shannon Crossroad,New Katherinehaven,54807
Paul Nelson,687,464 Peterson Oval Apt. 974,East Stephanie,56006
Richard Harris,688,10459 Bailey Roads Apt. 491,New Williamville,92161
Mitchell Flores,689,3245 Wilcox Brooks,Gailchester,89161
Matthew Bryan,690,15319 Hamilton Island Suite 829,East Michelle,85683
Michael Davis,691,5631 Gilbert Cliffs Suite 441,Lake Victoriaberg,12728
Christine Lowe,692,26061 Diane Locks Apt. 747,Palmerstad,05197
Megan White,693,2180 Nguyen Court Suite 824,South Chadberg,13604
Jessica Schultz,694,493 Willie Estate,Petersontown,20555
Jessica Steele,695,694 Dixon Mall Suite 107,Lake Arthur,62159
Joseph Chavez,696,182 Teresa Groves Apt. 590,Jasonview,89085
Nicholas Griffin,697,8405 Williams Islands Apt. 995,West Bettyberg,77423
Laura Smith,698,73771 Williams Islands,North Anthony,48720
Bryan Herrera,699,2441 Andrew Meadow,Lake Patriciaview,41052
Danielle Brown,700,3634 Spencer Canyon,Janeville,09082
Heather Farley,701,983 Fritz Squares Apt. 022,North David,46203
Christian Harper,702,9914 Joseph Valley,Fernandeztown,65772
Kaitlyn Hansen,703,582 Charles Oval,North Daniel,12264
Michelle Ruiz,704,53819 Fernandez Circle,Jodiburgh,79922
Jimmy Sullivan,705,66795 Johnson Ramp,New Deborah,30974
Jose Cox,706,52933 Dawn Loaf,Elliottport,63043
Scott Freeman,707,9951 Roth Well,New Jenniferport,36177
Kimberly Walker,708,032 Christopher Rest,Wileyberg,48651
Rodney Johnson DDS,709,852 Jason Drives Apt. 953,Port Jenniferstad,51919
Nicholas Knight,710,5540 Joan Place Suite 031,Stevenborough,07159
Joseph Morales,711,3449 Denise Gateway,Christopherborough,38065
Amy Burton,712,6047 Fisher Mews Suite 684,Ericachester,06044
Cynthia Thomas,713,62804 Stanley Turnpike,North Bruce,94160
Mark Jordan,714,94350 Ferguson Rue Apt. 263,Julieville,77048
Molly Orozco,715,77771 Fuller Fork,West Benjamintown,79485
Lauren Jefferson,716,197 Baker Island,East Keith,33665
Helen Lee,717,75444 Cabrera Island,North Garyberg,30201
Ms. Joyce Watson,718,364 Juan Extensions Suite 175,Port Jerome,35786
Alicia Cruz,719,5857 Derek Islands Apt. 355,Ericshire,03300
Jeremiah Cortez,720,6213 Russell Brooks,Melissamouth,91071
John Rosales,721,4306 Seth Islands,Gregorymouth,08387
Sara Allen,722,651 Williams Pike Suite 287,Peterstad,45773
James Clark,723,61717 Moore Mission,Lake Johnburgh,82331
Carolyn Mahoney,724,36038 William Square,Lake Paul,40479
Ricardo Petersen,725,2130 Keith Streets,Michelleton,62629
Emily Turner,726,514 Carl Junction Suite 771,Karenstad,85546
Luis Holland,727,41415 Michael Dale Apt. 480,Josephside,16969
Kristen Jones,728,41011 Proctor Mountains,Jamesville,75161
Duane Jones,729,10457 Thompson Corner,West Amanda,73081
Billy Hoover,730,23992 Stacey Vista,South Michealmouth,23225
Johnny Lang,731,8599 Rich View,Edwardburgh,63472
Seth Watkins,732,76441 Robinson Loaf Apt. 371,Scotthaven,27784
Amber Perez,733,84230 John Hill,Rachelshire,44045
Seth Long,734,71277 Kayla Crescent,Jenniferland,72636
Paula Farrell,735,06474 Sara Lane,Williamfurt,32233
Henry Clark,736,4687 Morales Creek Apt. 799,Micheleshire,35638
James Williams DDS,737,2474 Tamara Station,Johnmouth,14868
Tim Thompson,738,92954 Ryan Villages Suite 633,West Adam,86168
Lori Bennett,739,3593 Shelton Gateway Apt. 689,Mitchellbury,38490
John Murphy,740,80150 Rich Square Apt. 557,West Stacy,61939
Mrs. Sonya Sanders,741,552 Mcmahon Islands,North Rhonda,40056
David Walker,742,90427 Warner Locks,Robertton,48704
Roger Bowman,743,432 Tara Terrace,Lake Kristina,37569
Stacey Simon,744,2113 Powell Inlet,Dannymouth,31086
Jacob Bates,745,79451 Justin Keys,Kelleyburgh,00913
Jessica Smith,746,42316 Mathews Station Suite 971,West April,89691
Joy Rivas,747,976 Hall Ramp,South Sheilaland,91866
Anthony Wright,748,90530 James Junction Apt. 859,North Ericchester,43548
Theresa Chapman,749,108 Hernandez Point Suite 351,Morrischester,13704
Anthony Thornton,750,6735 Holmes Spring,West Markburgh,52953
Jon Tran,751,605 Robert Neck Apt. 006,Solisshire,40918
Adam Gill,752,619 Jeffrey Canyon Suite 079,Lake Claytonmouth,05232
Austin Gordon,753,0713 Miller Pass,Stacybury,34861
Eric Kramer,754,2518 Villarreal Motorway,Jodiborough,76100
David Arnold,755,060 Stone Locks Suite 325,Carlytown,74478
Anna Flores,756,53120 Fischer Valleys Suite 021,Lake Markshire,16819
Emily Williams,757,230 Hill Square,North Theresaport,06252
Amy Matthews,758,167 John Ford Apt. 379,Port Stephanie,47203
Kerry Mclean,759,47571 Garcia Spurs,Henryton,96596
Seth Moyer,760,135 Collins Shoal Suite 880,Harrisbury,18511
Theresa Nguyen,761,199 Virginia Spur,South Michelle,44658
Lisa Hill,762,25305 Erik Parkways,New Christopherberg,12005
Peter Perez,763,43363 Larry Terrace Apt. 655,Gatesstad,54082
Nicholas Robertson,764,857 Flores Lakes Apt. 194,Port Andrewtown,06717
Jeff Dickson,765,1327 Donna Mission,West Justin,80362
Matthew Fitzpatrick,766,133 Frey Mount,Ambertown,22109
Deborah King,767,58853 Nelson Corner,South Angelaland,71779
Dakota Parker V,768,20835 Brandt Route,Stephaniefort,53861
Keith Adams,769,25037 Mcmillan Alley,New Coreyport,25640
Edwin Marshall,770,5477 Woods Path Suite 288,New Ariel,61765
Charles Bass,771,506 Rachel Extensions Suite 054,Simmonstown,75315
Brittany Brown,772,188 Nancy Circle Suite 288,Sandraberg,61573
Nathan Martin,773,64252 John Rest,New Kim,30800
Amy Scott,774,0640 Kenneth Causeway Suite 307,Blackshire,78125
Aaron Crawford,775,443 Herrera Walk,West James,88491
Charles Erickson,776,2007 Ernest Ports Suite 214,Port Cynthiaburgh,81964
Miranda Ellis,777,154 Garcia Vista Suite 665,Jessicaside,51145
Diane Ball,778,8789 Joshua Estate Apt. 576,Deleonport,21094
Teresa Guerrero,779,7774 Angela Lodge Apt. 135,Josephbury,87241
Richard Gomez,780,386 Kent Cliff,Port Ann,94860
Cynthia Gonzales,781,921 Norman Skyway,Smithstad,87423
Jessica Turner,782,09897 Alexander Village Suite 726,Port Jennifer,29081
William Adams,783,6550 Travis Oval,Millerfort,42492
Richard Mccarthy,784,30702 Kathryn Greens Suite 105,New Anna,05096
Denise Peterson,785,0783 Robert Branch Apt. 170,Port Tonya,93484
Bailey Chan,786,6199 Mathis Shoals Apt. 928,Hoganstad,87774
Brandon Hall,787,30093 Denise Village,Brianville,73495
Melvin Stevens,788,9883 Christopher Drive,Foleyside,17238
Erin Davila,789,6632 Joseph Route,Katelynton,14120
William Valenzuela,790,5248 Ramirez Fort Apt. 736,Coxhaven,24343
Julia Miller,791,9620 Caroline Isle,North Deborah,77544
Michael Sanchez,792,279 Ford Glens Suite 974,North Nathanstad,31986
James Ramos,793,982 Adams Haven Apt. 540,Lake Alexander,13014
Nathan Adams,794,87201 Henry Villages,South Lauriefort,32233
Molly Rodriguez,795,5624 Miller River,Jennifermouth,36480
Mr. Brendan Bailey MD,796,33719 Beasley Forges Apt. 126,Cynthiabury,81330
Sharon Fitzpatrick,797,09336 Lucas Estate,Marciastad,09864
Gregory Green,798,553 House Shoals Suite 574,South Samuelburgh,05582
Stephen Stevens,799,342 Jasmine Fords Apt. 424,Rogersland,73598
Mark Arroyo,800,927 Jessica Crescent Apt. 617,Simsburgh,35420
Antonio Wallace,801,10076 Rhonda Valleys,North Victoriabury,68852
Douglas Barrett,802,76616 Deanna Meadows,Tammyshire,75415
Daniel Lynn,803,699 Nicole Center,Johnsonmouth,38638
Daniel Ferguson,804,16319 Dustin Hills,Lake James,18930
James Marshall,805,136 Steven Groves Apt. 424,New Johnathan,40613
Michael Carter,806,4913 Mariah Motorway,Douglasbury,46406
Heidi Bailey,807,906 Amy Burg Apt. 165,East Dylan,86144
Valerie Sherman,808,37201 Danny Key,Lake Adammouth,60346
Sandra Willis,809,25436 Crosby Coves,Hutchinsonmouth,41028
Vicki Wade,810,55605 Miller Shoals Apt. 787,South Charlesshire,51377
Karen Jackson,811,9944 Ortiz Union,Lake Ruben,45251
Deanna Williams,812,44210 Santos Row Suite 214,North Ryanchester,03405
David Webb,813,5055 Dustin Isle Apt. 859,Codyshire,20933
Robert Taylor,814,6095 Cynthia Mountains,Martinside,85841
Richard Martin,815,567 Sanders Corner,East Ian,90597
Patrick Lewis,816,35266 Martin Stravenue,East Andrew,99896
Jason Rice,817,6018 Scott Green,Barbarahaven,17844
Daniel Reyes MD,818,67860 Amy Mount,South Patricia,73672
Amy Olsen,819,76506 Patricia Manor Suite 170,North Amber,91656
Pamela Garcia,820,2959 Joy Springs Suite 968,Noahside,12800
Randy Roth,821,2815 Benitez Prairie Suite 278,Smithhaven,32996
David Oneal,822,4989 Rogers Ramp,Adamhaven,45502
Teresa Garcia,823,31432 Rivera Gardens Suite 804,Kathyfort,99924
Jane Davis,824,833 Dawn Squares Suite 601,Shepardport,98030
Brittany Smith,825,682 Zimmerman Roads,East Davidhaven,45000
Susan Howe,826,136 Ashley Run,Snyderland,24168
Kirk Cox,827,132 Ashley Trafficway Apt. 748,Michaelmouth,20580
Valerie Smith,828,85091 Richard Alley Apt. 913,Rachelberg,40592
Mary Bolton,829,3905 Samantha Spur,Rebeccaside,74812
Jennifer Rivas,830,41414 Michael Corner,Lake Mark,41111
Lee Murray,831,02528 Bruce Harbor Suite 327,West Thomasberg,85273
Tracey Weaver,832,0998 Zavala Plaza Apt. 946,Robinsonville,32119
Christopher Williams,833,89534 Brandon Haven,Sarahmouth,38483
Thomas Barnett PhD,834,2783 Laura Circles Apt. 447,North Marvin,22811
Dominique Wheeler,835,934 Sally Fields,South Keith,25035
Laura Ellis,836,1229 Daniel Garden,Davisview,51987
Mary Mccall,837,34982 Gregory Knoll Suite 989,North Susanstad,67905
Kathryn Smith,838,2537 Scott Vista,New Michelleberg,24921
Christina Woods,839,9418 Hall Pass Suite 567,Emilyville,71799
Marc Hill,840,361 Johnson Port,West Robert,38276
Robert Frey,841,9953 Walters Dale Suite 163,Robinsonville,21685
Emily Roberts,842,3345 Jennifer Hill,Port Conniefort,24955
Heather Cuevas,843,8494 Renee Harbors Suite 345,Martinezbury,32853
Kevin Campos,844,585 Beltran Squares,Rebekahland,67280
Patricia Carr,845,8321 Melissa Divide,Johnmouth,40556
Harold Johnson,846,311 Wilson Mission Suite 957,Jacksonmouth,22725
Lawrence Fuentes,847,725 Charles Stream,New Michael,12290
Alexis Parker,848,429 Harper Camp,Rivasshire,80781
Maurice Davis,849,5122 Koch Squares Apt. 868,North Kennethland,19162
David Barber,850,1684 Russell Glens Apt. 463,Lake Michelefurt,18622
Steve Sandoval,851,73117 William Hills Apt. 855,Chenville,75729
Sharon Smith,852,4678 Obrien Wall,South Samanthashire,51981
Julia Allen,853,641 Martinez Rapids,Lake Jon,97666
Jorge Oneal,854,3534 Christina Inlet Apt. 779,Petersonchester,30759
Keith Middleton,855,84794 Brian Shoals Apt. 918,South Lisachester,76663
Sarah Bailey,856,24477 Nguyen Neck,New Kathleenland,94477
Ryan Costa,857,6449 Dawn Drives,Port Ambershire,43060
John Rodriguez,858,214 Brooks Drive,Valentinehaven,45045
Dr. Ashley Edwards,859,63163 Melinda Street Apt. 975,Deniseview,42923
Corey Cox,860,1403 Kelly Crossing,Pennymouth,74838
Brianna Johnson,861,3893 Adams Shores Suite 228,Emilyborough,62606
Jason Adams,862,14477 Matthews Corner,East Matthew,63154
Jerry Howell,863,038 Misty Pines Suite 989,Lauraburgh,21333
Joseph Mcdaniel,864,301 David Garden Apt. 172,Whitneyton,41305
Suzanne Zimmerman,865,4454 Keith Canyon,Karenmouth,92064
Samantha Myers,866,358 Martin Plaza Apt. 117,Jacobfort,18803
Margaret Rodriguez,867,636 Ryan Glen Suite 938,West Jamesfort,97428
Thomas Shelton,868,5921 Jason Circles Suite 457,South Edwinport,94705
Seth Sutton,869,1643 Padilla Islands Apt. 840,South Carolside,67558
Courtney Daniels,870,86975 Robinson Lane Apt. 457,Port Davidton,75484
Douglas Gutierrez,871,26730 Knight Pike,Robertbury,42816
Peter Russo,872,245 Mary Circle Apt. 458,New Brentfurt,62659
Gregory Morgan,873,0311 Anderson Lakes Suite 492,West Cynthia,88413
James Davidson,874,24172 Rivas Courts,Hullchester,65341
Richard Moreno,875,1635 Moore Corner,West Elizabethhaven,19384
Alexis Pena,876,87334 Joseph Roads Suite 237,Fieldshaven,93736
James Johnson,877,49115 Ariana Knoll,Phillipchester,66944
Meghan Nash,878,877 Jennifer Fort Suite 576,Jenningsfort,09424
Ryan Patel,879,1160 Lisa Burgs Apt. 766,Jamesville,86000
Ashley Gould,880,363 Gross Square Suite 145,Port Kellieview,52008
Kayla Lewis,881,53359 Kristin Inlet,North Donnamouth,47335
Stephanie Porter,882,7998 Debbie Locks Suite 719,Sonyahaven,69787
Cesar Marquez,883,21104 Dalton Crossing Suite 589,East Michaelport,11255
Robert Farrell,884,561 Sarah View Suite 160,East Matthewstad,30319
Joshua Rivera,885,2110 Jacobs Plain Apt. 370,Davisfurt,97349
Dakota Reeves,886,305 Matthew Parkway Suite 418,Lake Donaldchester,92654
Kayla Gibson,887,124 Brian Light Suite 772,North Cynthiashire,57347
Jerry Rhodes,888,12012 Donald Crescent,Owensville,61464
Sharon Fletcher,889,18659 Mary Island Apt. 603,Lake Fernandoport,26075
Kaitlyn Green,890,28957 Jennifer Wells,New Brandonview,38405
Daniel Wheeler,891,779 Jones Spur,Wendymouth,29323
Matthew Coleman,892,53474 Adam Bypass,North Anne,22813
Dr. Michelle Johnson PhD,893,13281 Willis Parkway,Parkerbury,46491
John Pena,894,5895 Thomas Garden Suite 657,South Jeremy,26629
Michael Jenkins,895,151 Moore Ramp Apt. 903,Hendersonchester,10847
Benjamin Wang,896,0192 Shaffer Highway,Port Amandamouth,16766
Jennifer Peterson,897,16211 Justin Parkways,Haydenborough,43864
Jennifer Rodriguez,898,9738 Allen Circle,East Andrew,99593
Paula Dunn,899,772 Danielle Station Suite 639,Robinsonshire,71561
Mallory Jones,900,48729 Suzanne Green,North Tara,59669
Collin Jones,901,8837 Long Parkway,Eddieshire,01767
Melissa Giles,902,131 Martinez Islands Suite 858,Tinaside,79204
Linda Parker,903,6756 Rowe Manor Suite 370,Port Alejandro,44995
Isabella Curtis,904,014 Stacie Skyway Suite 424,Lake Catherinehaven,57106
Marc Perez,905,6883 Pamela Rapids,New Amandahaven,32951
Christopher Rodriguez,906,2669 Brian Plaza,Calebshire,53686
Michael Higgins,907,8174 Ryan Vista Apt. 093,North Davidchester,10670
Eric Holmes,908,1683 Courtney Flat Apt. 481,Quinnmouth,11100
Amanda Jackson,909,3759 Ronald Neck,Port Todd,56338
Donna Bell DDS,910,776 Jose Expressway Suite 612,Daisyhaven,33585
Henry Hawkins,911,31768 Reynolds Coves,Davidland,90325
Gabriella Sullivan,912,67754 Patricia Overpass Apt. 328,Salasshire,71855
Wendy Riggs,913,514 Mckinney Port,Lake Robinshire,74275
Amy Brown,914,688 Chambers Freeway Suite 068,North Jennifer,42755
Darren Smith,915,5032 Rodriguez Ramp,Wrightmouth,77810
Gary Franklin,916,46281 Jamie Mount,New Brittany,29455
Hannah Nelson,917,1836 Jackson Isle,Heatherburgh,04528
Sean Everett,918,49477 Joseph Flat,Lake Monicamouth,98701
Anthony Hubbard,919,5130 Munoz Underpass Suite 724,Port Alex,78645
Peter Kirk,920,616 Rachel Inlet Apt. 544,Salinasville,98260
Jason Fernandez,921,71838 Bates Spurs Apt. 858,South Jamie,86999
Karen Hensley,922,551 Villarreal Stravenue,West Masonfort,01440
Sarah Walker MD,923,249 Alisha Port,Duncanbury,59409
Elizabeth Orr,924,3809 Charles Port Apt. 213,North Craigmouth,63020
Jack Martin,925,054 Taylor Mountain Apt. 591,New Sarahchester,10913
Angela Sanchez,926,6220 Patrick Brooks,South Melissatown,90209
Tracy Huffman,927,5839 Berry Forges,Port Jacob,84509
Jose Palmer,928,057 Jeffrey Shoal,Lake Caleb,88773
Nina Harris,929,771 Amanda Cove Apt. 978,West Katiefort,63530
Timothy Gonzalez,930,612 Oconnor Course Suite 029,North Brucemouth,05628
Tracie Lang,931,620 Brown Curve,Port Lauraport,94177
Marcus Anderson,932,69510 Samantha Harbor Apt. 493,Jenniferfurt,10953
Mr. John Mercer,933,7333 Thomas Stream,Caseytown,62432
Robert Mccarthy,934,571 Travis Plain,Melanieton,25413
Harry Perry,935,474 Perez Rest,Nicholston,81126
Christopher Jones,936,14227 Johnson Shoals Suite 752,Port Heidiville,50965
Mary Hanson,937,04460 Richard Row Apt. 380,Sullivanville,21992
Sean Carr,938,303 Teresa Isle,West Mary,56815
Jack Scott,939,349 Quinn Radial Apt. 297,Tammyberg,16816
Ruben Evans,940,13667 Schultz Summit,Brandonburgh,52718
Valerie Anderson,941,67291 Watkins Crescent,Ramirezmouth,72575
Ryan Fitzpatrick,942,030 Kaitlyn Extension,East Mary,72957
James Davidson,943,7881 Mcknight Avenue Suite 273,New Angela,74183
Gregory Garcia,944,5826 Austin Prairie,Arnoldton,95606
James Wong,945,016 Coleman Lane Apt. 682,Bryanport,54453
Craig Brown,946,52545 Lewis Mountains,Oliverville,17297
Denise Taylor,947,274 Hubbard Union,South Yolandamouth,81653
Dawn Johnson,948,2956 Karen Well Suite 624,Kirkchester,76522
Lawrence Meadows,949,6917 Brenda Circle Suite 920,Carrillomouth,95069
Natasha Wilkinson,950,639 Rivera Causeway,West Joelshire,74921
Kelly Martinez,951,82268 Billy Rue Apt. 528,North Stephen,08484
Anthony Anderson,952,86515 George Keys Suite 620,North Amy,25059
Jill Walker,953,89435 Lindsay Neck Suite 769,South Ralphstad,78676
Jennifer Booth,954,3080 Bowers Shore Apt. 917,Johnland,47935
Michael Zavala,955,43097 Alexis Trafficway,Orrtown,40816
Derrick Atkins,956,22426 Jenkins Shoal Apt. 081,Simmonsstad,01109
Laura Clayton,957,75534 Jensen Freeway Suite 356,Johnsonville,31808
David Johnson,958,76948 Jennifer Keys,North Troybury,55405
Sandra Hill,959,5267 Anthony Rue Suite 724,Gatesport,21431
Edward Cannon,960,47186 Klein Glens,Port Sarahtown,95490
Antonio Nelson,961,2242 Jonathan Brook Apt. 843,New Josephmouth,61441
Jennifer Miranda,962,585 James Curve,Johnshire,10019
Kayla Montgomery,963,12365 Ashley Dam Suite 267,Lake Mary,23661
Erin Miller,964,4784 Tyler Ways Suite 580,Port Phillipbury,46039
Barbara Payne DVM,965,53350 Gross Harbors Apt. 944,Garrisonshire,13502
Kelly Anderson,966,94529 David Village Suite 159,Jeffreyport,49277
Daniel Morales,967,04607 Roberts Plaza,Emilyfurt,90939
Madison Trevino,968,963 Jessica Lodge Apt. 625,Jenningsfurt,81439
Veronica Ward,969,113 Jay Haven,East Johnstad,66007
Rodney Lee,970,733 Andrea Summit,Port Holly,66054
Steven Rice,971,04445 Owens Flats,West Thomasview,25980
Stacy Lane PhD,972,947 William Springs,South Jamesfort,96403
Ronald Walker,973,553 Michael Divide,New Heidi,64176
Taylor Walton,974,970 James Falls Suite 834,Kyletown,72039
Michael Bates,975,63230 Keller Junction,Millertown,65371
Christopher Anderson,976,008 Sandoval Fork,Patelfort,78337
Sarah Romero,977,78210 Kristen Highway,North Zachary,41613
Martin Chapman,978,5195 Carpenter Stravenue,West Xavierberg,28940
Timothy Johnson,979,425 Cochran Corner Suite 473,Johnview,23749
Samantha Peterson,980,6509 Bates Flat,Woodwardchester,57907
Anna Williams,981,987 Carol Rapid,Diaztown,87408
Susan Anderson,982,90393 Lee Road,West Amberfurt,60820
Leslie Smith,983,19054 Dickerson Meadow Suite 124,North Nicholasstad,95676
Jacob Wilson,984,2430 Moore Springs,New Jason,10622
Mark Thompson,985,2654 Lane Meadows Suite 085,Port Stuartborough,68454
Cindy Lam,986,9021 Murphy Pine,Baldwinfort,81736
Tina Fletcher,987,87431 Paul Street,East Tanner,37326
Ricardo Anderson,988,3746 Williamson Rapids,Odonnellberg,09159
Eugene Potter,989,43101 Thompson Locks,North Davidtown,11702
Calvin Davis,990,925 Calvin Prairie Apt. 627,East Heather,83775
Christian Young,991,090 Aaron Stravenue,Perkinsland,26992
Nicole Peters,992,187 Danny Underpass,Karenchester,08737
Christopher Higgins,993,571 Ryan Common Suite 552,Davischester,36791
Hailey Flores,994,65779 Andrea Key Suite 633,Ricebury,41681
Eric Martinez,995,31487 Gabriel Hill Suite 435,Gonzalezshire,96908
Jessica York,996,23941 Anderson Dam,North Christina,59232
Charles Russo,997,46753 Tammy Viaduct Suite 440,Smithhaven,33727
Jeremy Hernandez,998,929 Wendy Square,Sanchezview,63838
Allison Porter,999,25315 Matthew Lock Suite 855,Joycehaven,89912
Shirley Garrett,1000,100 Russell Island Apt. 011,Cathyburgh,30900
Courtney Flores DDS,1001,592 Kim Loop,New William,07018
